{"val_loss": [2.0810256004333496, 2.1043927669525146, 2.127135992050171, 2.1459617614746094, 2.1579833030700684, 2.1694698333740234, 2.176417112350464, 2.1800501346588135, 2.18623948097229, 2.198944330215454], "val_acc": [0.453125, 0.453125, 0.453125, 0.4609375, 0.46875, 0.46875, 0.484375, 0.46875, 0.4609375, 0.453125], "loss": [0.7710601687431335, 0.7264052629470825, 0.6975547075271606, 0.6681598424911499, 0.6598238348960876, 0.6025405824184418, 0.5615271031856537, 0.5373976826667786, 0.5201541781425476, 0.50519759953022], "acc": [0.7578125, 0.7890625, 0.7890625, 0.81640625, 0.794921875, 0.826171875, 0.828125, 0.8515625, 0.857421875, 0.85546875]}